"Source:","D:\docs\GitHub\DIY\zx\pentagon 128 portable\schematic\ZX Keyboard buttons\ZX Keyboard_buttons.sch"
"Date:","19/09/2020 16:24:13"
"Tool:","Eeschema (5.1.6)-1"
"Generator:","C:\Program Files\KiCad\bin\scripting\plugins/bom_csv_grouped_by_value.py"
"Component Count:","41"

"Individual Components:"

"Item","Qty","Reference(s)","Value","LibPart","Footprint","Datasheet","Description","Height","Manufacturer_Name","Manufacturer_Part_Number","Mouser Part Number","Mouser Price/Stock"
"","","J1","Conn_01x13","Connector_Generic:Conn_01x13","Connector_PinHeader_2.54mm:PinHeader_1x13_P2.54mm_Vertical","~","","","","","",""
"","","S1","1","SamacSys_Parts:1-1825910-4","SamacSys_Parts:118259104","https://www.te.com/commerce/DocumentDelivery/DDEController?Action=showdoc&DocId=Customer+Drawing%7F1825910%7FC10%7Fpdf%7FEnglish%7FENG_CD_1825910_C10.pdf%7F1-1825910-4","Black Button Tactile Switch, Single Pole Single Throw (SPST) 50 mA @ 24 V dc 5.9mm","7.7","TE Connectivity","1-1825910-4","506-1-1825910-4","https://www.mouser.co.uk/ProductDetail/TE-Connectivity-PB/1-1825910-4?qs=pffCcXpkxLwYJJd3DYaJ7Q%3D%3D"
"","","S2","2","SamacSys_Parts:1-1825910-4","SamacSys_Parts:118259104","https://www.te.com/commerce/DocumentDelivery/DDEController?Action=showdoc&DocId=Customer+Drawing%7F1825910%7FC10%7Fpdf%7FEnglish%7FENG_CD_1825910_C10.pdf%7F1-1825910-4","Black Button Tactile Switch, Single Pole Single Throw (SPST) 50 mA @ 24 V dc 5.9mm","7.7","TE Connectivity","1-1825910-4","506-1-1825910-4","https://www.mouser.co.uk/ProductDetail/TE-Connectivity-PB/1-1825910-4?qs=pffCcXpkxLwYJJd3DYaJ7Q%3D%3D"
"","","S3","3","SamacSys_Parts:1-1825910-4","SamacSys_Parts:118259104","https://www.te.com/commerce/DocumentDelivery/DDEController?Action=showdoc&DocId=Customer+Drawing%7F1825910%7FC10%7Fpdf%7FEnglish%7FENG_CD_1825910_C10.pdf%7F1-1825910-4","Black Button Tactile Switch, Single Pole Single Throw (SPST) 50 mA @ 24 V dc 5.9mm","7.7","TE Connectivity","1-1825910-4","506-1-1825910-4","https://www.mouser.co.uk/ProductDetail/TE-Connectivity-PB/1-1825910-4?qs=pffCcXpkxLwYJJd3DYaJ7Q%3D%3D"
"","","S4","4","SamacSys_Parts:1-1825910-4","SamacSys_Parts:118259104","https://www.te.com/commerce/DocumentDelivery/DDEController?Action=showdoc&DocId=Customer+Drawing%7F1825910%7FC10%7Fpdf%7FEnglish%7FENG_CD_1825910_C10.pdf%7F1-1825910-4","Black Button Tactile Switch, Single Pole Single Throw (SPST) 50 mA @ 24 V dc 5.9mm","7.7","TE Connectivity","1-1825910-4","506-1-1825910-4","https://www.mouser.co.uk/ProductDetail/TE-Connectivity-PB/1-1825910-4?qs=pffCcXpkxLwYJJd3DYaJ7Q%3D%3D"
"","","S5","5","SamacSys_Parts:1-1825910-4","SamacSys_Parts:118259104","https://www.te.com/commerce/DocumentDelivery/DDEController?Action=showdoc&DocId=Customer+Drawing%7F1825910%7FC10%7Fpdf%7FEnglish%7FENG_CD_1825910_C10.pdf%7F1-1825910-4","Black Button Tactile Switch, Single Pole Single Throw (SPST) 50 mA @ 24 V dc 5.9mm","7.7","TE Connectivity","1-1825910-4","506-1-1825910-4","https://www.mouser.co.uk/ProductDetail/TE-Connectivity-PB/1-1825910-4?qs=pffCcXpkxLwYJJd3DYaJ7Q%3D%3D"
"","","S6","6","SamacSys_Parts:1-1825910-4","SamacSys_Parts:118259104","https://www.te.com/commerce/DocumentDelivery/DDEController?Action=showdoc&DocId=Customer+Drawing%7F1825910%7FC10%7Fpdf%7FEnglish%7FENG_CD_1825910_C10.pdf%7F1-1825910-4","Black Button Tactile Switch, Single Pole Single Throw (SPST) 50 mA @ 24 V dc 5.9mm","7.7","TE Connectivity","1-1825910-4","506-1-1825910-4","https://www.mouser.co.uk/ProductDetail/TE-Connectivity-PB/1-1825910-4?qs=pffCcXpkxLwYJJd3DYaJ7Q%3D%3D"
"","","S7","7","SamacSys_Parts:1-1825910-4","SamacSys_Parts:118259104","https://www.te.com/commerce/DocumentDelivery/DDEController?Action=showdoc&DocId=Customer+Drawing%7F1825910%7FC10%7Fpdf%7FEnglish%7FENG_CD_1825910_C10.pdf%7F1-1825910-4","Black Button Tactile Switch, Single Pole Single Throw (SPST) 50 mA @ 24 V dc 5.9mm","7.7","TE Connectivity","1-1825910-4","506-1-1825910-4","https://www.mouser.co.uk/ProductDetail/TE-Connectivity-PB/1-1825910-4?qs=pffCcXpkxLwYJJd3DYaJ7Q%3D%3D"
"","","S8","8","SamacSys_Parts:1-1825910-4","SamacSys_Parts:118259104","https://www.te.com/commerce/DocumentDelivery/DDEController?Action=showdoc&DocId=Customer+Drawing%7F1825910%7FC10%7Fpdf%7FEnglish%7FENG_CD_1825910_C10.pdf%7F1-1825910-4","Black Button Tactile Switch, Single Pole Single Throw (SPST) 50 mA @ 24 V dc 5.9mm","7.7","TE Connectivity","1-1825910-4","506-1-1825910-4","https://www.mouser.co.uk/ProductDetail/TE-Connectivity-PB/1-1825910-4?qs=pffCcXpkxLwYJJd3DYaJ7Q%3D%3D"
"","","S9","9","SamacSys_Parts:1-1825910-4","SamacSys_Parts:118259104","https://www.te.com/commerce/DocumentDelivery/DDEController?Action=showdoc&DocId=Customer+Drawing%7F1825910%7FC10%7Fpdf%7FEnglish%7FENG_CD_1825910_C10.pdf%7F1-1825910-4","Black Button Tactile Switch, Single Pole Single Throw (SPST) 50 mA @ 24 V dc 5.9mm","7.7","TE Connectivity","1-1825910-4","506-1-1825910-4","https://www.mouser.co.uk/ProductDetail/TE-Connectivity-PB/1-1825910-4?qs=pffCcXpkxLwYJJd3DYaJ7Q%3D%3D"
"","","S10","0","SamacSys_Parts:1-1825910-4","SamacSys_Parts:118259104","https://www.te.com/commerce/DocumentDelivery/DDEController?Action=showdoc&DocId=Customer+Drawing%7F1825910%7FC10%7Fpdf%7FEnglish%7FENG_CD_1825910_C10.pdf%7F1-1825910-4","Black Button Tactile Switch, Single Pole Single Throw (SPST) 50 mA @ 24 V dc 5.9mm","7.7","TE Connectivity","1-1825910-4","506-1-1825910-4","https://www.mouser.co.uk/ProductDetail/TE-Connectivity-PB/1-1825910-4?qs=pffCcXpkxLwYJJd3DYaJ7Q%3D%3D"
"","","S11","Q","SamacSys_Parts:1-1825910-4","SamacSys_Parts:118259104","https://www.te.com/commerce/DocumentDelivery/DDEController?Action=showdoc&DocId=Customer+Drawing%7F1825910%7FC10%7Fpdf%7FEnglish%7FENG_CD_1825910_C10.pdf%7F1-1825910-4","Black Button Tactile Switch, Single Pole Single Throw (SPST) 50 mA @ 24 V dc 5.9mm","7.7","TE Connectivity","1-1825910-4","506-1-1825910-4","https://www.mouser.co.uk/ProductDetail/TE-Connectivity-PB/1-1825910-4?qs=pffCcXpkxLwYJJd3DYaJ7Q%3D%3D"
"","","S12","W","SamacSys_Parts:1-1825910-4","SamacSys_Parts:118259104","https://www.te.com/commerce/DocumentDelivery/DDEController?Action=showdoc&DocId=Customer+Drawing%7F1825910%7FC10%7Fpdf%7FEnglish%7FENG_CD_1825910_C10.pdf%7F1-1825910-4","Black Button Tactile Switch, Single Pole Single Throw (SPST) 50 mA @ 24 V dc 5.9mm","7.7","TE Connectivity","1-1825910-4","506-1-1825910-4","https://www.mouser.co.uk/ProductDetail/TE-Connectivity-PB/1-1825910-4?qs=pffCcXpkxLwYJJd3DYaJ7Q%3D%3D"
"","","S13","E","SamacSys_Parts:1-1825910-4","SamacSys_Parts:118259104","https://www.te.com/commerce/DocumentDelivery/DDEController?Action=showdoc&DocId=Customer+Drawing%7F1825910%7FC10%7Fpdf%7FEnglish%7FENG_CD_1825910_C10.pdf%7F1-1825910-4","Black Button Tactile Switch, Single Pole Single Throw (SPST) 50 mA @ 24 V dc 5.9mm","7.7","TE Connectivity","1-1825910-4","506-1-1825910-4","https://www.mouser.co.uk/ProductDetail/TE-Connectivity-PB/1-1825910-4?qs=pffCcXpkxLwYJJd3DYaJ7Q%3D%3D"
"","","S14","R","SamacSys_Parts:1-1825910-4","SamacSys_Parts:118259104","https://www.te.com/commerce/DocumentDelivery/DDEController?Action=showdoc&DocId=Customer+Drawing%7F1825910%7FC10%7Fpdf%7FEnglish%7FENG_CD_1825910_C10.pdf%7F1-1825910-4","Black Button Tactile Switch, Single Pole Single Throw (SPST) 50 mA @ 24 V dc 5.9mm","7.7","TE Connectivity","1-1825910-4","506-1-1825910-4","https://www.mouser.co.uk/ProductDetail/TE-Connectivity-PB/1-1825910-4?qs=pffCcXpkxLwYJJd3DYaJ7Q%3D%3D"
"","","S15","T","SamacSys_Parts:1-1825910-4","SamacSys_Parts:118259104","https://www.te.com/commerce/DocumentDelivery/DDEController?Action=showdoc&DocId=Customer+Drawing%7F1825910%7FC10%7Fpdf%7FEnglish%7FENG_CD_1825910_C10.pdf%7F1-1825910-4","Black Button Tactile Switch, Single Pole Single Throw (SPST) 50 mA @ 24 V dc 5.9mm","7.7","TE Connectivity","1-1825910-4","506-1-1825910-4","https://www.mouser.co.uk/ProductDetail/TE-Connectivity-PB/1-1825910-4?qs=pffCcXpkxLwYJJd3DYaJ7Q%3D%3D"
"","","S16","Y","SamacSys_Parts:1-1825910-4","SamacSys_Parts:118259104","https://www.te.com/commerce/DocumentDelivery/DDEController?Action=showdoc&DocId=Customer+Drawing%7F1825910%7FC10%7Fpdf%7FEnglish%7FENG_CD_1825910_C10.pdf%7F1-1825910-4","Black Button Tactile Switch, Single Pole Single Throw (SPST) 50 mA @ 24 V dc 5.9mm","7.7","TE Connectivity","1-1825910-4","506-1-1825910-4","https://www.mouser.co.uk/ProductDetail/TE-Connectivity-PB/1-1825910-4?qs=pffCcXpkxLwYJJd3DYaJ7Q%3D%3D"
"","","S17","U","SamacSys_Parts:1-1825910-4","SamacSys_Parts:118259104","https://www.te.com/commerce/DocumentDelivery/DDEController?Action=showdoc&DocId=Customer+Drawing%7F1825910%7FC10%7Fpdf%7FEnglish%7FENG_CD_1825910_C10.pdf%7F1-1825910-4","Black Button Tactile Switch, Single Pole Single Throw (SPST) 50 mA @ 24 V dc 5.9mm","7.7","TE Connectivity","1-1825910-4","506-1-1825910-4","https://www.mouser.co.uk/ProductDetail/TE-Connectivity-PB/1-1825910-4?qs=pffCcXpkxLwYJJd3DYaJ7Q%3D%3D"
"","","S18","I","SamacSys_Parts:1-1825910-4","SamacSys_Parts:118259104","https://www.te.com/commerce/DocumentDelivery/DDEController?Action=showdoc&DocId=Customer+Drawing%7F1825910%7FC10%7Fpdf%7FEnglish%7FENG_CD_1825910_C10.pdf%7F1-1825910-4","Black Button Tactile Switch, Single Pole Single Throw (SPST) 50 mA @ 24 V dc 5.9mm","7.7","TE Connectivity","1-1825910-4","506-1-1825910-4","https://www.mouser.co.uk/ProductDetail/TE-Connectivity-PB/1-1825910-4?qs=pffCcXpkxLwYJJd3DYaJ7Q%3D%3D"
"","","S19","O","SamacSys_Parts:1-1825910-4","SamacSys_Parts:118259104","https://www.te.com/commerce/DocumentDelivery/DDEController?Action=showdoc&DocId=Customer+Drawing%7F1825910%7FC10%7Fpdf%7FEnglish%7FENG_CD_1825910_C10.pdf%7F1-1825910-4","Black Button Tactile Switch, Single Pole Single Throw (SPST) 50 mA @ 24 V dc 5.9mm","7.7","TE Connectivity","1-1825910-4","506-1-1825910-4","https://www.mouser.co.uk/ProductDetail/TE-Connectivity-PB/1-1825910-4?qs=pffCcXpkxLwYJJd3DYaJ7Q%3D%3D"
"","","S20","P","SamacSys_Parts:1-1825910-4","SamacSys_Parts:118259104","https://www.te.com/commerce/DocumentDelivery/DDEController?Action=showdoc&DocId=Customer+Drawing%7F1825910%7FC10%7Fpdf%7FEnglish%7FENG_CD_1825910_C10.pdf%7F1-1825910-4","Black Button Tactile Switch, Single Pole Single Throw (SPST) 50 mA @ 24 V dc 5.9mm","7.7","TE Connectivity","1-1825910-4","506-1-1825910-4","https://www.mouser.co.uk/ProductDetail/TE-Connectivity-PB/1-1825910-4?qs=pffCcXpkxLwYJJd3DYaJ7Q%3D%3D"
"","","S21","A","SamacSys_Parts:1-1825910-4","SamacSys_Parts:118259104","https://www.te.com/commerce/DocumentDelivery/DDEController?Action=showdoc&DocId=Customer+Drawing%7F1825910%7FC10%7Fpdf%7FEnglish%7FENG_CD_1825910_C10.pdf%7F1-1825910-4","Black Button Tactile Switch, Single Pole Single Throw (SPST) 50 mA @ 24 V dc 5.9mm","7.7","TE Connectivity","1-1825910-4","506-1-1825910-4","https://www.mouser.co.uk/ProductDetail/TE-Connectivity-PB/1-1825910-4?qs=pffCcXpkxLwYJJd3DYaJ7Q%3D%3D"
"","","S22","S","SamacSys_Parts:1-1825910-4","SamacSys_Parts:118259104","https://www.te.com/commerce/DocumentDelivery/DDEController?Action=showdoc&DocId=Customer+Drawing%7F1825910%7FC10%7Fpdf%7FEnglish%7FENG_CD_1825910_C10.pdf%7F1-1825910-4","Black Button Tactile Switch, Single Pole Single Throw (SPST) 50 mA @ 24 V dc 5.9mm","7.7","TE Connectivity","1-1825910-4","506-1-1825910-4","https://www.mouser.co.uk/ProductDetail/TE-Connectivity-PB/1-1825910-4?qs=pffCcXpkxLwYJJd3DYaJ7Q%3D%3D"
"","","S23","D","SamacSys_Parts:1-1825910-4","SamacSys_Parts:118259104","https://www.te.com/commerce/DocumentDelivery/DDEController?Action=showdoc&DocId=Customer+Drawing%7F1825910%7FC10%7Fpdf%7FEnglish%7FENG_CD_1825910_C10.pdf%7F1-1825910-4","Black Button Tactile Switch, Single Pole Single Throw (SPST) 50 mA @ 24 V dc 5.9mm","7.7","TE Connectivity","1-1825910-4","506-1-1825910-4","https://www.mouser.co.uk/ProductDetail/TE-Connectivity-PB/1-1825910-4?qs=pffCcXpkxLwYJJd3DYaJ7Q%3D%3D"
"","","S24","F","SamacSys_Parts:1-1825910-4","SamacSys_Parts:118259104","https://www.te.com/commerce/DocumentDelivery/DDEController?Action=showdoc&DocId=Customer+Drawing%7F1825910%7FC10%7Fpdf%7FEnglish%7FENG_CD_1825910_C10.pdf%7F1-1825910-4","Black Button Tactile Switch, Single Pole Single Throw (SPST) 50 mA @ 24 V dc 5.9mm","7.7","TE Connectivity","1-1825910-4","506-1-1825910-4","https://www.mouser.co.uk/ProductDetail/TE-Connectivity-PB/1-1825910-4?qs=pffCcXpkxLwYJJd3DYaJ7Q%3D%3D"
"","","S25","G","SamacSys_Parts:1-1825910-4","SamacSys_Parts:118259104","https://www.te.com/commerce/DocumentDelivery/DDEController?Action=showdoc&DocId=Customer+Drawing%7F1825910%7FC10%7Fpdf%7FEnglish%7FENG_CD_1825910_C10.pdf%7F1-1825910-4","Black Button Tactile Switch, Single Pole Single Throw (SPST) 50 mA @ 24 V dc 5.9mm","7.7","TE Connectivity","1-1825910-4","506-1-1825910-4","https://www.mouser.co.uk/ProductDetail/TE-Connectivity-PB/1-1825910-4?qs=pffCcXpkxLwYJJd3DYaJ7Q%3D%3D"
"","","S26","H","SamacSys_Parts:1-1825910-4","SamacSys_Parts:118259104","https://www.te.com/commerce/DocumentDelivery/DDEController?Action=showdoc&DocId=Customer+Drawing%7F1825910%7FC10%7Fpdf%7FEnglish%7FENG_CD_1825910_C10.pdf%7F1-1825910-4","Black Button Tactile Switch, Single Pole Single Throw (SPST) 50 mA @ 24 V dc 5.9mm","7.7","TE Connectivity","1-1825910-4","506-1-1825910-4","https://www.mouser.co.uk/ProductDetail/TE-Connectivity-PB/1-1825910-4?qs=pffCcXpkxLwYJJd3DYaJ7Q%3D%3D"
"","","S27","J","SamacSys_Parts:1-1825910-4","SamacSys_Parts:118259104","https://www.te.com/commerce/DocumentDelivery/DDEController?Action=showdoc&DocId=Customer+Drawing%7F1825910%7FC10%7Fpdf%7FEnglish%7FENG_CD_1825910_C10.pdf%7F1-1825910-4","Black Button Tactile Switch, Single Pole Single Throw (SPST) 50 mA @ 24 V dc 5.9mm","7.7","TE Connectivity","1-1825910-4","506-1-1825910-4","https://www.mouser.co.uk/ProductDetail/TE-Connectivity-PB/1-1825910-4?qs=pffCcXpkxLwYJJd3DYaJ7Q%3D%3D"
"","","S28","K","SamacSys_Parts:1-1825910-4","SamacSys_Parts:118259104","https://www.te.com/commerce/DocumentDelivery/DDEController?Action=showdoc&DocId=Customer+Drawing%7F1825910%7FC10%7Fpdf%7FEnglish%7FENG_CD_1825910_C10.pdf%7F1-1825910-4","Black Button Tactile Switch, Single Pole Single Throw (SPST) 50 mA @ 24 V dc 5.9mm","7.7","TE Connectivity","1-1825910-4","506-1-1825910-4","https://www.mouser.co.uk/ProductDetail/TE-Connectivity-PB/1-1825910-4?qs=pffCcXpkxLwYJJd3DYaJ7Q%3D%3D"
"","","S29","L","SamacSys_Parts:1-1825910-4","SamacSys_Parts:118259104","https://www.te.com/commerce/DocumentDelivery/DDEController?Action=showdoc&DocId=Customer+Drawing%7F1825910%7FC10%7Fpdf%7FEnglish%7FENG_CD_1825910_C10.pdf%7F1-1825910-4","Black Button Tactile Switch, Single Pole Single Throw (SPST) 50 mA @ 24 V dc 5.9mm","7.7","TE Connectivity","1-1825910-4","506-1-1825910-4","https://www.mouser.co.uk/ProductDetail/TE-Connectivity-PB/1-1825910-4?qs=pffCcXpkxLwYJJd3DYaJ7Q%3D%3D"
"","","S30","ENTER","SamacSys_Parts:1-1825910-4","SamacSys_Parts:118259104","https://www.te.com/commerce/DocumentDelivery/DDEController?Action=showdoc&DocId=Customer+Drawing%7F1825910%7FC10%7Fpdf%7FEnglish%7FENG_CD_1825910_C10.pdf%7F1-1825910-4","Black Button Tactile Switch, Single Pole Single Throw (SPST) 50 mA @ 24 V dc 5.9mm","7.7","TE Connectivity","1-1825910-4","506-1-1825910-4","https://www.mouser.co.uk/ProductDetail/TE-Connectivity-PB/1-1825910-4?qs=pffCcXpkxLwYJJd3DYaJ7Q%3D%3D"
"","","S31","CAPS","SamacSys_Parts:1-1825910-4","SamacSys_Parts:118259104","https://www.te.com/commerce/DocumentDelivery/DDEController?Action=showdoc&DocId=Customer+Drawing%7F1825910%7FC10%7Fpdf%7FEnglish%7FENG_CD_1825910_C10.pdf%7F1-1825910-4","Black Button Tactile Switch, Single Pole Single Throw (SPST) 50 mA @ 24 V dc 5.9mm","7.7","TE Connectivity","1-1825910-4","506-1-1825910-4","https://www.mouser.co.uk/ProductDetail/TE-Connectivity-PB/1-1825910-4?qs=pffCcXpkxLwYJJd3DYaJ7Q%3D%3D"
"","","S32","Z","SamacSys_Parts:1-1825910-4","SamacSys_Parts:118259104","https://www.te.com/commerce/DocumentDelivery/DDEController?Action=showdoc&DocId=Customer+Drawing%7F1825910%7FC10%7Fpdf%7FEnglish%7FENG_CD_1825910_C10.pdf%7F1-1825910-4","Black Button Tactile Switch, Single Pole Single Throw (SPST) 50 mA @ 24 V dc 5.9mm","7.7","TE Connectivity","1-1825910-4","506-1-1825910-4","https://www.mouser.co.uk/ProductDetail/TE-Connectivity-PB/1-1825910-4?qs=pffCcXpkxLwYJJd3DYaJ7Q%3D%3D"
"","","S33","X","SamacSys_Parts:1-1825910-4","SamacSys_Parts:118259104","https://www.te.com/commerce/DocumentDelivery/DDEController?Action=showdoc&DocId=Customer+Drawing%7F1825910%7FC10%7Fpdf%7FEnglish%7FENG_CD_1825910_C10.pdf%7F1-1825910-4","Black Button Tactile Switch, Single Pole Single Throw (SPST) 50 mA @ 24 V dc 5.9mm","7.7","TE Connectivity","1-1825910-4","506-1-1825910-4","https://www.mouser.co.uk/ProductDetail/TE-Connectivity-PB/1-1825910-4?qs=pffCcXpkxLwYJJd3DYaJ7Q%3D%3D"
"","","S34","C","SamacSys_Parts:1-1825910-4","SamacSys_Parts:118259104","https://www.te.com/commerce/DocumentDelivery/DDEController?Action=showdoc&DocId=Customer+Drawing%7F1825910%7FC10%7Fpdf%7FEnglish%7FENG_CD_1825910_C10.pdf%7F1-1825910-4","Black Button Tactile Switch, Single Pole Single Throw (SPST) 50 mA @ 24 V dc 5.9mm","7.7","TE Connectivity","1-1825910-4","506-1-1825910-4","https://www.mouser.co.uk/ProductDetail/TE-Connectivity-PB/1-1825910-4?qs=pffCcXpkxLwYJJd3DYaJ7Q%3D%3D"
"","","S35","V","SamacSys_Parts:1-1825910-4","SamacSys_Parts:118259104","https://www.te.com/commerce/DocumentDelivery/DDEController?Action=showdoc&DocId=Customer+Drawing%7F1825910%7FC10%7Fpdf%7FEnglish%7FENG_CD_1825910_C10.pdf%7F1-1825910-4","Black Button Tactile Switch, Single Pole Single Throw (SPST) 50 mA @ 24 V dc 5.9mm","7.7","TE Connectivity","1-1825910-4","506-1-1825910-4","https://www.mouser.co.uk/ProductDetail/TE-Connectivity-PB/1-1825910-4?qs=pffCcXpkxLwYJJd3DYaJ7Q%3D%3D"
"","","S36","B","SamacSys_Parts:1-1825910-4","SamacSys_Parts:118259104","https://www.te.com/commerce/DocumentDelivery/DDEController?Action=showdoc&DocId=Customer+Drawing%7F1825910%7FC10%7Fpdf%7FEnglish%7FENG_CD_1825910_C10.pdf%7F1-1825910-4","Black Button Tactile Switch, Single Pole Single Throw (SPST) 50 mA @ 24 V dc 5.9mm","7.7","TE Connectivity","1-1825910-4","506-1-1825910-4","https://www.mouser.co.uk/ProductDetail/TE-Connectivity-PB/1-1825910-4?qs=pffCcXpkxLwYJJd3DYaJ7Q%3D%3D"
"","","S37","N","SamacSys_Parts:1-1825910-4","SamacSys_Parts:118259104","https://www.te.com/commerce/DocumentDelivery/DDEController?Action=showdoc&DocId=Customer+Drawing%7F1825910%7FC10%7Fpdf%7FEnglish%7FENG_CD_1825910_C10.pdf%7F1-1825910-4","Black Button Tactile Switch, Single Pole Single Throw (SPST) 50 mA @ 24 V dc 5.9mm","7.7","TE Connectivity","1-1825910-4","506-1-1825910-4","https://www.mouser.co.uk/ProductDetail/TE-Connectivity-PB/1-1825910-4?qs=pffCcXpkxLwYJJd3DYaJ7Q%3D%3D"
"","","S38","M","SamacSys_Parts:1-1825910-4","SamacSys_Parts:118259104","https://www.te.com/commerce/DocumentDelivery/DDEController?Action=showdoc&DocId=Customer+Drawing%7F1825910%7FC10%7Fpdf%7FEnglish%7FENG_CD_1825910_C10.pdf%7F1-1825910-4","Black Button Tactile Switch, Single Pole Single Throw (SPST) 50 mA @ 24 V dc 5.9mm","7.7","TE Connectivity","1-1825910-4","506-1-1825910-4","https://www.mouser.co.uk/ProductDetail/TE-Connectivity-PB/1-1825910-4?qs=pffCcXpkxLwYJJd3DYaJ7Q%3D%3D"
"","","S39","SYMB","SamacSys_Parts:1-1825910-4","SamacSys_Parts:118259104","https://www.te.com/commerce/DocumentDelivery/DDEController?Action=showdoc&DocId=Customer+Drawing%7F1825910%7FC10%7Fpdf%7FEnglish%7FENG_CD_1825910_C10.pdf%7F1-1825910-4","Black Button Tactile Switch, Single Pole Single Throw (SPST) 50 mA @ 24 V dc 5.9mm","7.7","TE Connectivity","1-1825910-4","506-1-1825910-4","https://www.mouser.co.uk/ProductDetail/TE-Connectivity-PB/1-1825910-4?qs=pffCcXpkxLwYJJd3DYaJ7Q%3D%3D"
"","","S40","SPACE","SamacSys_Parts:1-1825910-4","SamacSys_Parts:118259104","https://www.te.com/commerce/DocumentDelivery/DDEController?Action=showdoc&DocId=Customer+Drawing%7F1825910%7FC10%7Fpdf%7FEnglish%7FENG_CD_1825910_C10.pdf%7F1-1825910-4","Black Button Tactile Switch, Single Pole Single Throw (SPST) 50 mA @ 24 V dc 5.9mm","7.7","TE Connectivity","1-1825910-4","506-1-1825910-4","https://www.mouser.co.uk/ProductDetail/TE-Connectivity-PB/1-1825910-4?qs=pffCcXpkxLwYJJd3DYaJ7Q%3D%3D"



"Collated Components:"

"Item","Qty","Reference(s)","Value","LibPart","Footprint","Datasheet","Description","Height","Manufacturer_Name","Manufacturer_Part_Number","Mouser Part Number","Mouser Price/Stock"
"1","1","J1","Conn_01x13","Connector_Generic:Conn_01x13","Connector_PinHeader_2.54mm:PinHeader_1x13_P2.54mm_Vertical","~","","","","","",""
"2","1","S1","1","SamacSys_Parts:1-1825910-4","SamacSys_Parts:118259104","https://www.te.com/commerce/DocumentDelivery/DDEController?Action=showdoc&DocId=Customer+Drawing%7F1825910%7FC10%7Fpdf%7FEnglish%7FENG_CD_1825910_C10.pdf%7F1-1825910-4","Black Button Tactile Switch, Single Pole Single Throw (SPST) 50 mA @ 24 V dc 5.9mm","7.7","TE Connectivity","1-1825910-4","506-1-1825910-4","https://www.mouser.co.uk/ProductDetail/TE-Connectivity-PB/1-1825910-4?qs=pffCcXpkxLwYJJd3DYaJ7Q%3D%3D"
"3","1","S2","2","SamacSys_Parts:1-1825910-4","SamacSys_Parts:118259104","https://www.te.com/commerce/DocumentDelivery/DDEController?Action=showdoc&DocId=Customer+Drawing%7F1825910%7FC10%7Fpdf%7FEnglish%7FENG_CD_1825910_C10.pdf%7F1-1825910-4","Black Button Tactile Switch, Single Pole Single Throw (SPST) 50 mA @ 24 V dc 5.9mm","7.7","TE Connectivity","1-1825910-4","506-1-1825910-4","https://www.mouser.co.uk/ProductDetail/TE-Connectivity-PB/1-1825910-4?qs=pffCcXpkxLwYJJd3DYaJ7Q%3D%3D"
"4","1","S3","3","SamacSys_Parts:1-1825910-4","SamacSys_Parts:118259104","https://www.te.com/commerce/DocumentDelivery/DDEController?Action=showdoc&DocId=Customer+Drawing%7F1825910%7FC10%7Fpdf%7FEnglish%7FENG_CD_1825910_C10.pdf%7F1-1825910-4","Black Button Tactile Switch, Single Pole Single Throw (SPST) 50 mA @ 24 V dc 5.9mm","7.7","TE Connectivity","1-1825910-4","506-1-1825910-4","https://www.mouser.co.uk/ProductDetail/TE-Connectivity-PB/1-1825910-4?qs=pffCcXpkxLwYJJd3DYaJ7Q%3D%3D"
"5","1","S4","4","SamacSys_Parts:1-1825910-4","SamacSys_Parts:118259104","https://www.te.com/commerce/DocumentDelivery/DDEController?Action=showdoc&DocId=Customer+Drawing%7F1825910%7FC10%7Fpdf%7FEnglish%7FENG_CD_1825910_C10.pdf%7F1-1825910-4","Black Button Tactile Switch, Single Pole Single Throw (SPST) 50 mA @ 24 V dc 5.9mm","7.7","TE Connectivity","1-1825910-4","506-1-1825910-4","https://www.mouser.co.uk/ProductDetail/TE-Connectivity-PB/1-1825910-4?qs=pffCcXpkxLwYJJd3DYaJ7Q%3D%3D"
"6","1","S5","5","SamacSys_Parts:1-1825910-4","SamacSys_Parts:118259104","https://www.te.com/commerce/DocumentDelivery/DDEController?Action=showdoc&DocId=Customer+Drawing%7F1825910%7FC10%7Fpdf%7FEnglish%7FENG_CD_1825910_C10.pdf%7F1-1825910-4","Black Button Tactile Switch, Single Pole Single Throw (SPST) 50 mA @ 24 V dc 5.9mm","7.7","TE Connectivity","1-1825910-4","506-1-1825910-4","https://www.mouser.co.uk/ProductDetail/TE-Connectivity-PB/1-1825910-4?qs=pffCcXpkxLwYJJd3DYaJ7Q%3D%3D"
"7","1","S6","6","SamacSys_Parts:1-1825910-4","SamacSys_Parts:118259104","https://www.te.com/commerce/DocumentDelivery/DDEController?Action=showdoc&DocId=Customer+Drawing%7F1825910%7FC10%7Fpdf%7FEnglish%7FENG_CD_1825910_C10.pdf%7F1-1825910-4","Black Button Tactile Switch, Single Pole Single Throw (SPST) 50 mA @ 24 V dc 5.9mm","7.7","TE Connectivity","1-1825910-4","506-1-1825910-4","https://www.mouser.co.uk/ProductDetail/TE-Connectivity-PB/1-1825910-4?qs=pffCcXpkxLwYJJd3DYaJ7Q%3D%3D"
"8","1","S7","7","SamacSys_Parts:1-1825910-4","SamacSys_Parts:118259104","https://www.te.com/commerce/DocumentDelivery/DDEController?Action=showdoc&DocId=Customer+Drawing%7F1825910%7FC10%7Fpdf%7FEnglish%7FENG_CD_1825910_C10.pdf%7F1-1825910-4","Black Button Tactile Switch, Single Pole Single Throw (SPST) 50 mA @ 24 V dc 5.9mm","7.7","TE Connectivity","1-1825910-4","506-1-1825910-4","https://www.mouser.co.uk/ProductDetail/TE-Connectivity-PB/1-1825910-4?qs=pffCcXpkxLwYJJd3DYaJ7Q%3D%3D"
"9","1","S8","8","SamacSys_Parts:1-1825910-4","SamacSys_Parts:118259104","https://www.te.com/commerce/DocumentDelivery/DDEController?Action=showdoc&DocId=Customer+Drawing%7F1825910%7FC10%7Fpdf%7FEnglish%7FENG_CD_1825910_C10.pdf%7F1-1825910-4","Black Button Tactile Switch, Single Pole Single Throw (SPST) 50 mA @ 24 V dc 5.9mm","7.7","TE Connectivity","1-1825910-4","506-1-1825910-4","https://www.mouser.co.uk/ProductDetail/TE-Connectivity-PB/1-1825910-4?qs=pffCcXpkxLwYJJd3DYaJ7Q%3D%3D"
"10","1","S9","9","SamacSys_Parts:1-1825910-4","SamacSys_Parts:118259104","https://www.te.com/commerce/DocumentDelivery/DDEController?Action=showdoc&DocId=Customer+Drawing%7F1825910%7FC10%7Fpdf%7FEnglish%7FENG_CD_1825910_C10.pdf%7F1-1825910-4","Black Button Tactile Switch, Single Pole Single Throw (SPST) 50 mA @ 24 V dc 5.9mm","7.7","TE Connectivity","1-1825910-4","506-1-1825910-4","https://www.mouser.co.uk/ProductDetail/TE-Connectivity-PB/1-1825910-4?qs=pffCcXpkxLwYJJd3DYaJ7Q%3D%3D"
"11","1","S10","0","SamacSys_Parts:1-1825910-4","SamacSys_Parts:118259104","https://www.te.com/commerce/DocumentDelivery/DDEController?Action=showdoc&DocId=Customer+Drawing%7F1825910%7FC10%7Fpdf%7FEnglish%7FENG_CD_1825910_C10.pdf%7F1-1825910-4","Black Button Tactile Switch, Single Pole Single Throw (SPST) 50 mA @ 24 V dc 5.9mm","7.7","TE Connectivity","1-1825910-4","506-1-1825910-4","https://www.mouser.co.uk/ProductDetail/TE-Connectivity-PB/1-1825910-4?qs=pffCcXpkxLwYJJd3DYaJ7Q%3D%3D"
"12","1","S11","Q","SamacSys_Parts:1-1825910-4","SamacSys_Parts:118259104","https://www.te.com/commerce/DocumentDelivery/DDEController?Action=showdoc&DocId=Customer+Drawing%7F1825910%7FC10%7Fpdf%7FEnglish%7FENG_CD_1825910_C10.pdf%7F1-1825910-4","Black Button Tactile Switch, Single Pole Single Throw (SPST) 50 mA @ 24 V dc 5.9mm","7.7","TE Connectivity","1-1825910-4","506-1-1825910-4","https://www.mouser.co.uk/ProductDetail/TE-Connectivity-PB/1-1825910-4?qs=pffCcXpkxLwYJJd3DYaJ7Q%3D%3D"
"13","1","S12","W","SamacSys_Parts:1-1825910-4","SamacSys_Parts:118259104","https://www.te.com/commerce/DocumentDelivery/DDEController?Action=showdoc&DocId=Customer+Drawing%7F1825910%7FC10%7Fpdf%7FEnglish%7FENG_CD_1825910_C10.pdf%7F1-1825910-4","Black Button Tactile Switch, Single Pole Single Throw (SPST) 50 mA @ 24 V dc 5.9mm","7.7","TE Connectivity","1-1825910-4","506-1-1825910-4","https://www.mouser.co.uk/ProductDetail/TE-Connectivity-PB/1-1825910-4?qs=pffCcXpkxLwYJJd3DYaJ7Q%3D%3D"
"14","1","S13","E","SamacSys_Parts:1-1825910-4","SamacSys_Parts:118259104","https://www.te.com/commerce/DocumentDelivery/DDEController?Action=showdoc&DocId=Customer+Drawing%7F1825910%7FC10%7Fpdf%7FEnglish%7FENG_CD_1825910_C10.pdf%7F1-1825910-4","Black Button Tactile Switch, Single Pole Single Throw (SPST) 50 mA @ 24 V dc 5.9mm","7.7","TE Connectivity","1-1825910-4","506-1-1825910-4","https://www.mouser.co.uk/ProductDetail/TE-Connectivity-PB/1-1825910-4?qs=pffCcXpkxLwYJJd3DYaJ7Q%3D%3D"
"15","1","S14","R","SamacSys_Parts:1-1825910-4","SamacSys_Parts:118259104","https://www.te.com/commerce/DocumentDelivery/DDEController?Action=showdoc&DocId=Customer+Drawing%7F1825910%7FC10%7Fpdf%7FEnglish%7FENG_CD_1825910_C10.pdf%7F1-1825910-4","Black Button Tactile Switch, Single Pole Single Throw (SPST) 50 mA @ 24 V dc 5.9mm","7.7","TE Connectivity","1-1825910-4","506-1-1825910-4","https://www.mouser.co.uk/ProductDetail/TE-Connectivity-PB/1-1825910-4?qs=pffCcXpkxLwYJJd3DYaJ7Q%3D%3D"
"16","1","S15","T","SamacSys_Parts:1-1825910-4","SamacSys_Parts:118259104","https://www.te.com/commerce/DocumentDelivery/DDEController?Action=showdoc&DocId=Customer+Drawing%7F1825910%7FC10%7Fpdf%7FEnglish%7FENG_CD_1825910_C10.pdf%7F1-1825910-4","Black Button Tactile Switch, Single Pole Single Throw (SPST) 50 mA @ 24 V dc 5.9mm","7.7","TE Connectivity","1-1825910-4","506-1-1825910-4","https://www.mouser.co.uk/ProductDetail/TE-Connectivity-PB/1-1825910-4?qs=pffCcXpkxLwYJJd3DYaJ7Q%3D%3D"
"17","1","S16","Y","SamacSys_Parts:1-1825910-4","SamacSys_Parts:118259104","https://www.te.com/commerce/DocumentDelivery/DDEController?Action=showdoc&DocId=Customer+Drawing%7F1825910%7FC10%7Fpdf%7FEnglish%7FENG_CD_1825910_C10.pdf%7F1-1825910-4","Black Button Tactile Switch, Single Pole Single Throw (SPST) 50 mA @ 24 V dc 5.9mm","7.7","TE Connectivity","1-1825910-4","506-1-1825910-4","https://www.mouser.co.uk/ProductDetail/TE-Connectivity-PB/1-1825910-4?qs=pffCcXpkxLwYJJd3DYaJ7Q%3D%3D"
"18","1","S17","U","SamacSys_Parts:1-1825910-4","SamacSys_Parts:118259104","https://www.te.com/commerce/DocumentDelivery/DDEController?Action=showdoc&DocId=Customer+Drawing%7F1825910%7FC10%7Fpdf%7FEnglish%7FENG_CD_1825910_C10.pdf%7F1-1825910-4","Black Button Tactile Switch, Single Pole Single Throw (SPST) 50 mA @ 24 V dc 5.9mm","7.7","TE Connectivity","1-1825910-4","506-1-1825910-4","https://www.mouser.co.uk/ProductDetail/TE-Connectivity-PB/1-1825910-4?qs=pffCcXpkxLwYJJd3DYaJ7Q%3D%3D"
"19","1","S18","I","SamacSys_Parts:1-1825910-4","SamacSys_Parts:118259104","https://www.te.com/commerce/DocumentDelivery/DDEController?Action=showdoc&DocId=Customer+Drawing%7F1825910%7FC10%7Fpdf%7FEnglish%7FENG_CD_1825910_C10.pdf%7F1-1825910-4","Black Button Tactile Switch, Single Pole Single Throw (SPST) 50 mA @ 24 V dc 5.9mm","7.7","TE Connectivity","1-1825910-4","506-1-1825910-4","https://www.mouser.co.uk/ProductDetail/TE-Connectivity-PB/1-1825910-4?qs=pffCcXpkxLwYJJd3DYaJ7Q%3D%3D"
"20","1","S19","O","SamacSys_Parts:1-1825910-4","SamacSys_Parts:118259104","https://www.te.com/commerce/DocumentDelivery/DDEController?Action=showdoc&DocId=Customer+Drawing%7F1825910%7FC10%7Fpdf%7FEnglish%7FENG_CD_1825910_C10.pdf%7F1-1825910-4","Black Button Tactile Switch, Single Pole Single Throw (SPST) 50 mA @ 24 V dc 5.9mm","7.7","TE Connectivity","1-1825910-4","506-1-1825910-4","https://www.mouser.co.uk/ProductDetail/TE-Connectivity-PB/1-1825910-4?qs=pffCcXpkxLwYJJd3DYaJ7Q%3D%3D"
"21","1","S20","P","SamacSys_Parts:1-1825910-4","SamacSys_Parts:118259104","https://www.te.com/commerce/DocumentDelivery/DDEController?Action=showdoc&DocId=Customer+Drawing%7F1825910%7FC10%7Fpdf%7FEnglish%7FENG_CD_1825910_C10.pdf%7F1-1825910-4","Black Button Tactile Switch, Single Pole Single Throw (SPST) 50 mA @ 24 V dc 5.9mm","7.7","TE Connectivity","1-1825910-4","506-1-1825910-4","https://www.mouser.co.uk/ProductDetail/TE-Connectivity-PB/1-1825910-4?qs=pffCcXpkxLwYJJd3DYaJ7Q%3D%3D"
"22","1","S21","A","SamacSys_Parts:1-1825910-4","SamacSys_Parts:118259104","https://www.te.com/commerce/DocumentDelivery/DDEController?Action=showdoc&DocId=Customer+Drawing%7F1825910%7FC10%7Fpdf%7FEnglish%7FENG_CD_1825910_C10.pdf%7F1-1825910-4","Black Button Tactile Switch, Single Pole Single Throw (SPST) 50 mA @ 24 V dc 5.9mm","7.7","TE Connectivity","1-1825910-4","506-1-1825910-4","https://www.mouser.co.uk/ProductDetail/TE-Connectivity-PB/1-1825910-4?qs=pffCcXpkxLwYJJd3DYaJ7Q%3D%3D"
"23","1","S22","S","SamacSys_Parts:1-1825910-4","SamacSys_Parts:118259104","https://www.te.com/commerce/DocumentDelivery/DDEController?Action=showdoc&DocId=Customer+Drawing%7F1825910%7FC10%7Fpdf%7FEnglish%7FENG_CD_1825910_C10.pdf%7F1-1825910-4","Black Button Tactile Switch, Single Pole Single Throw (SPST) 50 mA @ 24 V dc 5.9mm","7.7","TE Connectivity","1-1825910-4","506-1-1825910-4","https://www.mouser.co.uk/ProductDetail/TE-Connectivity-PB/1-1825910-4?qs=pffCcXpkxLwYJJd3DYaJ7Q%3D%3D"
"24","1","S23","D","SamacSys_Parts:1-1825910-4","SamacSys_Parts:118259104","https://www.te.com/commerce/DocumentDelivery/DDEController?Action=showdoc&DocId=Customer+Drawing%7F1825910%7FC10%7Fpdf%7FEnglish%7FENG_CD_1825910_C10.pdf%7F1-1825910-4","Black Button Tactile Switch, Single Pole Single Throw (SPST) 50 mA @ 24 V dc 5.9mm","7.7","TE Connectivity","1-1825910-4","506-1-1825910-4","https://www.mouser.co.uk/ProductDetail/TE-Connectivity-PB/1-1825910-4?qs=pffCcXpkxLwYJJd3DYaJ7Q%3D%3D"
"25","1","S24","F","SamacSys_Parts:1-1825910-4","SamacSys_Parts:118259104","https://www.te.com/commerce/DocumentDelivery/DDEController?Action=showdoc&DocId=Customer+Drawing%7F1825910%7FC10%7Fpdf%7FEnglish%7FENG_CD_1825910_C10.pdf%7F1-1825910-4","Black Button Tactile Switch, Single Pole Single Throw (SPST) 50 mA @ 24 V dc 5.9mm","7.7","TE Connectivity","1-1825910-4","506-1-1825910-4","https://www.mouser.co.uk/ProductDetail/TE-Connectivity-PB/1-1825910-4?qs=pffCcXpkxLwYJJd3DYaJ7Q%3D%3D"
"26","1","S25","G","SamacSys_Parts:1-1825910-4","SamacSys_Parts:118259104","https://www.te.com/commerce/DocumentDelivery/DDEController?Action=showdoc&DocId=Customer+Drawing%7F1825910%7FC10%7Fpdf%7FEnglish%7FENG_CD_1825910_C10.pdf%7F1-1825910-4","Black Button Tactile Switch, Single Pole Single Throw (SPST) 50 mA @ 24 V dc 5.9mm","7.7","TE Connectivity","1-1825910-4","506-1-1825910-4","https://www.mouser.co.uk/ProductDetail/TE-Connectivity-PB/1-1825910-4?qs=pffCcXpkxLwYJJd3DYaJ7Q%3D%3D"
"27","1","S26","H","SamacSys_Parts:1-1825910-4","SamacSys_Parts:118259104","https://www.te.com/commerce/DocumentDelivery/DDEController?Action=showdoc&DocId=Customer+Drawing%7F1825910%7FC10%7Fpdf%7FEnglish%7FENG_CD_1825910_C10.pdf%7F1-1825910-4","Black Button Tactile Switch, Single Pole Single Throw (SPST) 50 mA @ 24 V dc 5.9mm","7.7","TE Connectivity","1-1825910-4","506-1-1825910-4","https://www.mouser.co.uk/ProductDetail/TE-Connectivity-PB/1-1825910-4?qs=pffCcXpkxLwYJJd3DYaJ7Q%3D%3D"
"28","1","S27","J","SamacSys_Parts:1-1825910-4","SamacSys_Parts:118259104","https://www.te.com/commerce/DocumentDelivery/DDEController?Action=showdoc&DocId=Customer+Drawing%7F1825910%7FC10%7Fpdf%7FEnglish%7FENG_CD_1825910_C10.pdf%7F1-1825910-4","Black Button Tactile Switch, Single Pole Single Throw (SPST) 50 mA @ 24 V dc 5.9mm","7.7","TE Connectivity","1-1825910-4","506-1-1825910-4","https://www.mouser.co.uk/ProductDetail/TE-Connectivity-PB/1-1825910-4?qs=pffCcXpkxLwYJJd3DYaJ7Q%3D%3D"
"29","1","S28","K","SamacSys_Parts:1-1825910-4","SamacSys_Parts:118259104","https://www.te.com/commerce/DocumentDelivery/DDEController?Action=showdoc&DocId=Customer+Drawing%7F1825910%7FC10%7Fpdf%7FEnglish%7FENG_CD_1825910_C10.pdf%7F1-1825910-4","Black Button Tactile Switch, Single Pole Single Throw (SPST) 50 mA @ 24 V dc 5.9mm","7.7","TE Connectivity","1-1825910-4","506-1-1825910-4","https://www.mouser.co.uk/ProductDetail/TE-Connectivity-PB/1-1825910-4?qs=pffCcXpkxLwYJJd3DYaJ7Q%3D%3D"
"30","1","S29","L","SamacSys_Parts:1-1825910-4","SamacSys_Parts:118259104","https://www.te.com/commerce/DocumentDelivery/DDEController?Action=showdoc&DocId=Customer+Drawing%7F1825910%7FC10%7Fpdf%7FEnglish%7FENG_CD_1825910_C10.pdf%7F1-1825910-4","Black Button Tactile Switch, Single Pole Single Throw (SPST) 50 mA @ 24 V dc 5.9mm","7.7","TE Connectivity","1-1825910-4","506-1-1825910-4","https://www.mouser.co.uk/ProductDetail/TE-Connectivity-PB/1-1825910-4?qs=pffCcXpkxLwYJJd3DYaJ7Q%3D%3D"
"31","1","S30","ENTER","SamacSys_Parts:1-1825910-4","SamacSys_Parts:118259104","https://www.te.com/commerce/DocumentDelivery/DDEController?Action=showdoc&DocId=Customer+Drawing%7F1825910%7FC10%7Fpdf%7FEnglish%7FENG_CD_1825910_C10.pdf%7F1-1825910-4","Black Button Tactile Switch, Single Pole Single Throw (SPST) 50 mA @ 24 V dc 5.9mm","7.7","TE Connectivity","1-1825910-4","506-1-1825910-4","https://www.mouser.co.uk/ProductDetail/TE-Connectivity-PB/1-1825910-4?qs=pffCcXpkxLwYJJd3DYaJ7Q%3D%3D"
"32","1","S31","CAPS","SamacSys_Parts:1-1825910-4","SamacSys_Parts:118259104","https://www.te.com/commerce/DocumentDelivery/DDEController?Action=showdoc&DocId=Customer+Drawing%7F1825910%7FC10%7Fpdf%7FEnglish%7FENG_CD_1825910_C10.pdf%7F1-1825910-4","Black Button Tactile Switch, Single Pole Single Throw (SPST) 50 mA @ 24 V dc 5.9mm","7.7","TE Connectivity","1-1825910-4","506-1-1825910-4","https://www.mouser.co.uk/ProductDetail/TE-Connectivity-PB/1-1825910-4?qs=pffCcXpkxLwYJJd3DYaJ7Q%3D%3D"
"33","1","S32","Z","SamacSys_Parts:1-1825910-4","SamacSys_Parts:118259104","https://www.te.com/commerce/DocumentDelivery/DDEController?Action=showdoc&DocId=Customer+Drawing%7F1825910%7FC10%7Fpdf%7FEnglish%7FENG_CD_1825910_C10.pdf%7F1-1825910-4","Black Button Tactile Switch, Single Pole Single Throw (SPST) 50 mA @ 24 V dc 5.9mm","7.7","TE Connectivity","1-1825910-4","506-1-1825910-4","https://www.mouser.co.uk/ProductDetail/TE-Connectivity-PB/1-1825910-4?qs=pffCcXpkxLwYJJd3DYaJ7Q%3D%3D"
"34","1","S33","X","SamacSys_Parts:1-1825910-4","SamacSys_Parts:118259104","https://www.te.com/commerce/DocumentDelivery/DDEController?Action=showdoc&DocId=Customer+Drawing%7F1825910%7FC10%7Fpdf%7FEnglish%7FENG_CD_1825910_C10.pdf%7F1-1825910-4","Black Button Tactile Switch, Single Pole Single Throw (SPST) 50 mA @ 24 V dc 5.9mm","7.7","TE Connectivity","1-1825910-4","506-1-1825910-4","https://www.mouser.co.uk/ProductDetail/TE-Connectivity-PB/1-1825910-4?qs=pffCcXpkxLwYJJd3DYaJ7Q%3D%3D"
"35","1","S34","C","SamacSys_Parts:1-1825910-4","SamacSys_Parts:118259104","https://www.te.com/commerce/DocumentDelivery/DDEController?Action=showdoc&DocId=Customer+Drawing%7F1825910%7FC10%7Fpdf%7FEnglish%7FENG_CD_1825910_C10.pdf%7F1-1825910-4","Black Button Tactile Switch, Single Pole Single Throw (SPST) 50 mA @ 24 V dc 5.9mm","7.7","TE Connectivity","1-1825910-4","506-1-1825910-4","https://www.mouser.co.uk/ProductDetail/TE-Connectivity-PB/1-1825910-4?qs=pffCcXpkxLwYJJd3DYaJ7Q%3D%3D"
"36","1","S35","V","SamacSys_Parts:1-1825910-4","SamacSys_Parts:118259104","https://www.te.com/commerce/DocumentDelivery/DDEController?Action=showdoc&DocId=Customer+Drawing%7F1825910%7FC10%7Fpdf%7FEnglish%7FENG_CD_1825910_C10.pdf%7F1-1825910-4","Black Button Tactile Switch, Single Pole Single Throw (SPST) 50 mA @ 24 V dc 5.9mm","7.7","TE Connectivity","1-1825910-4","506-1-1825910-4","https://www.mouser.co.uk/ProductDetail/TE-Connectivity-PB/1-1825910-4?qs=pffCcXpkxLwYJJd3DYaJ7Q%3D%3D"
"37","1","S36","B","SamacSys_Parts:1-1825910-4","SamacSys_Parts:118259104","https://www.te.com/commerce/DocumentDelivery/DDEController?Action=showdoc&DocId=Customer+Drawing%7F1825910%7FC10%7Fpdf%7FEnglish%7FENG_CD_1825910_C10.pdf%7F1-1825910-4","Black Button Tactile Switch, Single Pole Single Throw (SPST) 50 mA @ 24 V dc 5.9mm","7.7","TE Connectivity","1-1825910-4","506-1-1825910-4","https://www.mouser.co.uk/ProductDetail/TE-Connectivity-PB/1-1825910-4?qs=pffCcXpkxLwYJJd3DYaJ7Q%3D%3D"
"38","1","S37","N","SamacSys_Parts:1-1825910-4","SamacSys_Parts:118259104","https://www.te.com/commerce/DocumentDelivery/DDEController?Action=showdoc&DocId=Customer+Drawing%7F1825910%7FC10%7Fpdf%7FEnglish%7FENG_CD_1825910_C10.pdf%7F1-1825910-4","Black Button Tactile Switch, Single Pole Single Throw (SPST) 50 mA @ 24 V dc 5.9mm","7.7","TE Connectivity","1-1825910-4","506-1-1825910-4","https://www.mouser.co.uk/ProductDetail/TE-Connectivity-PB/1-1825910-4?qs=pffCcXpkxLwYJJd3DYaJ7Q%3D%3D"
"39","1","S38","M","SamacSys_Parts:1-1825910-4","SamacSys_Parts:118259104","https://www.te.com/commerce/DocumentDelivery/DDEController?Action=showdoc&DocId=Customer+Drawing%7F1825910%7FC10%7Fpdf%7FEnglish%7FENG_CD_1825910_C10.pdf%7F1-1825910-4","Black Button Tactile Switch, Single Pole Single Throw (SPST) 50 mA @ 24 V dc 5.9mm","7.7","TE Connectivity","1-1825910-4","506-1-1825910-4","https://www.mouser.co.uk/ProductDetail/TE-Connectivity-PB/1-1825910-4?qs=pffCcXpkxLwYJJd3DYaJ7Q%3D%3D"
"40","1","S39","SYMB","SamacSys_Parts:1-1825910-4","SamacSys_Parts:118259104","https://www.te.com/commerce/DocumentDelivery/DDEController?Action=showdoc&DocId=Customer+Drawing%7F1825910%7FC10%7Fpdf%7FEnglish%7FENG_CD_1825910_C10.pdf%7F1-1825910-4","Black Button Tactile Switch, Single Pole Single Throw (SPST) 50 mA @ 24 V dc 5.9mm","7.7","TE Connectivity","1-1825910-4","506-1-1825910-4","https://www.mouser.co.uk/ProductDetail/TE-Connectivity-PB/1-1825910-4?qs=pffCcXpkxLwYJJd3DYaJ7Q%3D%3D"
"41","1","S40","SPACE","SamacSys_Parts:1-1825910-4","SamacSys_Parts:118259104","https://www.te.com/commerce/DocumentDelivery/DDEController?Action=showdoc&DocId=Customer+Drawing%7F1825910%7FC10%7Fpdf%7FEnglish%7FENG_CD_1825910_C10.pdf%7F1-1825910-4","Black Button Tactile Switch, Single Pole Single Throw (SPST) 50 mA @ 24 V dc 5.9mm","7.7","TE Connectivity","1-1825910-4","506-1-1825910-4","https://www.mouser.co.uk/ProductDetail/TE-Connectivity-PB/1-1825910-4?qs=pffCcXpkxLwYJJd3DYaJ7Q%3D%3D"
